date,name,price,weight,kind,site,location
2022-08-23 17:16:34,"껍질째먹는 훈이네 경북 부사 청송 꿀사과, 혼합5KG",6580,5,부사,쿠팡,경상북도
2022-08-23 17:16:35,"고산지 재배 당도선별 사과, 1.5kg(5~8입), 1봉",8533,1.5,,쿠팡,
2022-08-23 17:16:36,"국내산 당도선별 안동세척 사과, 2kg(7~12입), 1개",8400,2,,쿠팡,경상북도
2022-08-23 17:16:38,"클라스가 다른 경북 햇 홍로 사과 가정용 5kg, 1박스, 경북 햇 홍로 사과 가정용 5kg 29-33과",2780,5,홍로,쿠팡,경상북도
2022-08-23 17:16:40,"(고씨네농장) 2022년 햇사과 홍로 고당도 빨간 꿀사과 경북사과 5kg 35900, 중소과 3kg (12~15과)",9633,3,홍로,쿠팡,
2022-08-23 17:16:42,"새콤달콤 맛있는 아오리 햇 사과, 한입 사과 4.5KG",3000,4.5,아오리,쿠팡,
2022-08-23 17:16:42,"아오리 사과 1.3kg봉(6~8입), 1.3kg, 1개",6069,1.3,아오리,쿠팡,
2022-08-23 17:16:45,"[농장직송] 22년 첫 출하 경북 햇 홍로 사과 (당일수확출고), 정품 홍로사과 2kg 한입과(14-16과내외)",7350,2,홍로,쿠팡,경상북도
2022-08-23 17:16:46,"2022여름수확 꿀맛 홍로 햇사과 5kg 20과내외 밀양얼음골 하나팜농장 해발450m 당도최고, 1개",7140,5,홍로,쿠팡,경상남도
2022-08-23 17:16:49,"클라스가 다른 경북 햇 홍로 사과 가정용 5kg, 1박스, 경북 햇 홍로 사과 가정용 5kg 25-28과",3180,5,홍로,쿠팡,경상북도
2022-08-23 17:16:50,[영주마실] 아오리 새콤달콤 한입사과 5KG 여름의 왕,2580,5,아오리,쿠팡,경상북도
2022-08-23 17:16:52,"껍질째먹는 훈이네 경북 부사 청송 가정용 선물용 꿀사과 3kg 5kg 10kg, 소과(아침대용)5KG",6380,5,부사,쿠팡,경상북도
2022-08-23 17:16:53,"껍질채먹는 간편한 세척사과, 세척사과 2.5kg 13~18과 꼬마사과",5160,2.5,,쿠팡,
2022-08-23 17:16:54,"곰곰 당도선별 사과(햇), 2kg봉",8295,2,,쿠팡,
2022-08-23 17:16:56,"[한울지기] 22년 청송 사과 홍로 부사 당도선별 꿀사과 3kg 대과 중과, 3kg 13-15과 중과",5266,3,홍로,쿠팡,경상북도
2022-08-23 17:16:58,"(고씨네농장) 2022년 햇사과 홍로 고당도 빨간 꿀사과 경북사과 5kg 35900, 중소과 3kg (12~15과)",9633,3,홍로,쿠팡,
2022-08-23 17:17:00,"[산들네] 껍질째 먹는 경북 세척 꼬마사과 3kg 18-22과내, 단품",5833,3,,쿠팡,경상북도
2022-08-23 17:17:01,"[은하수농장] 가정용 꿀사과 특가판매, 1박스, 04.가정용흠과 사과 2KG/중과",7950,2,,쿠팡,
2022-08-23 17:17:02,"하이프루츠 썸머킹 초록사과, 1.5kg (7~10과이내), 1봉",6913,1.5,,쿠팡,
2022-08-23 17:17:05,"산지직송 경북 청송 꿀 사과 부사 세척 사과 가정용 중과 대과 특과 5kg, 아삭 제철 사과 5kg (26-30과) - 중과",3572,5,부사,쿠팡,경상북도
2022-08-23 17:17:06,"새콤달콤 맛있는 아오리 햇 사과, 한입 사과 4.5KG",3000,4.5,아오리,쿠팡,
2022-08-23 17:17:08,"프레샤인 GAP 인증 충주 깨끗이 씻은 초록사과, 2.5kg, 1박스",7960,2.5,,쿠팡,충청북도
2022-08-23 17:17:09,"[산지 직송] 가정용 아오리 사과 5KG 10KG, 5KG 꼬마(31~35과)",2640,5,아오리,쿠팡,
2022-08-23 17:17:10,"프레샤인 GAP 인증 충주 초록사과, 1.3kg(5~9입), 1봉",9153,1.3,,쿠팡,충청북도
2022-08-23 17:17:11,[영주마실] 아오리 새콤달콤 한입사과 5KG 여름의 왕,2580,5,아오리,쿠팡,경상북도
2022-08-23 17:17:13,"[착한식탁] 껍질채먹는 햇 홍로 세척 사과 5kg(24-28과), 세척사과 5kg 24-28과 내외",4560,5,홍로,쿠팡,
2022-08-23 17:17:15,"아오리사과 4kg 정말 맛있는 사과 농원직송, 1박스, 4kg(아오리사과/29과 내외)",3175,4,아오리,쿠팡,
2022-08-23 17:17:17,"클라스가 다른 경북 햇 아오리사과 (가정용) 10kg, 1박스, 경북 햇 아오리사과 (가정용) 10kg 48-51과",1890,10,아오리,쿠팡,경상북도
2022-08-23 17:17:18,"아삭 상큼달콤 사과, 가정용 사과 5kg 중대과",4740,5,,쿠팡,
2022-08-23 17:17:19,"[은하수농장] 가정용 꿀사과 특가판매, 1박스, 05.가정용흠과 사과 2KG/대과",8950,2,,쿠팡,
2022-08-23 17:17:20,"다조은 초록사과, 2.5kg(11~15입), 1박스",6144,2.5,,쿠팡,
2022-08-23 17:17:21,"정성담은 아삭한 사과, 가정용 사과 10kg 중대과",3780,10,,쿠팡,
2022-08-23 17:17:24,"늘품 가정용 껍질채먹는 흠집 아오리 사과 안동 청송사과 못난이 경북사과 5kg 10kg, 꿀맛 햇 아오리 꼬마 5kg (31-35과)",2380,5,아오리,쿠팡,경상북도
2022-08-23 17:17:25,"A[공주네농장] 새벽이슬맺힌 안동꿀사과 ~할인특가판매 행사중~, 1박스, 01. 가정용 흠과 2KG / 소과",6950,2,,쿠팡,충청남도
2022-08-23 17:17:27,"풍기농협협동조합 국내산 썸머킹 사과 특, 2kg(9~12과 이내), 1박스",8250,2,,쿠팡,서울특별시
2022-08-23 17:17:28,"사과사랑 아삭아삭 사과, 가정용 사과 8kg 중대과",3662,8,,쿠팡,
date,name,price,weight,kind,site,location
2022-08-23 17:21:43,"세척사과 껍질채 먹는 고당도 단단한 정품 사과 꿀 부사, 4.5kg 1박스 (20-28과)",7155,4.5,부사,쿠팡,
2022-08-23 17:21:44,"고산지 재배 당도선별 사과, 1.5kg(5~8입), 1봉",8533,1.5,,쿠팡,
2022-08-23 17:21:46,"[농장직송] 22년 첫 출하 경북 햇 홍로 사과 (당일수확출고), 정품 홍로사과 2kg 한입과(14-16과내외)",7350,2,홍로,쿠팡,경상남도
2022-08-23 17:21:48,"클라스가 다른 경북 햇 홍로 사과 가정용 5kg, 1박스, 경북 햇 홍로 사과 가정용 5kg 25-28과",3180,5,홍로,쿠팡,경상남도
2022-08-23 17:21:49,"껍질째먹는 훈이네 경북 부사 청송 꿀사과, 혼합5KG",6580,5,부사,쿠팡,경상남도
2022-08-23 17:21:51,"새콤달콤 맛있는 아오리 햇 사과, 한입 사과 4.5KG",3000,4.5,아오리,쿠팡,
2022-08-23 17:21:53,"[한울지기] 22년 청송 사과 홍로 부사 당도선별 꿀사과 3kg 대과 중과, 3kg 13-15과 중과",5266,3,홍로,쿠팡,경상북도
2022-08-23 17:21:55,"[장길영사과] 갈아먹는 알뜰사과 중소과 10kg(33~46과), 상세 설명 참조, 상세 설명 참조",1590,10,,쿠팡,
2022-08-23 17:21:57,"2022여름수확 꿀맛 홍로 햇사과 5kg 20과내외 밀양얼음골 하나팜농장 해발450m 당도최고, 1개",7140,5,홍로,쿠팡,경상남도
2022-08-23 17:22:00,"산지직송 경북 청송 꿀 사과 부사 세척 사과 가정용 중과 대과 특과 5kg, 아삭 제철 사과 5kg (26-30과) - 중과",3572,5,부사,쿠팡,경상남도
2022-08-23 17:22:01,"(침샘자극 새콤달콤) 아오리 사과 썸머킹 청사과 풋사과, 대과 2kg",9450,2,아오리,쿠팡,
2022-08-23 17:22:03,"껍질째먹는 훈이네 경북 부사 청송 가정용 선물용 꿀사과 3kg 5kg 10kg, 소과(아침대용)5KG",6380,5,부사,쿠팡,경상남도
2022-08-23 17:22:06,"클라스가 다른 경북 햇 홍로 사과 가정용 5kg, 1박스, 경북 햇 홍로 사과 가정용 5kg 29-33과",2780,5,홍로,쿠팡,경상남도
2022-08-23 17:22:08,"[별담농]22년 햇 가을사과 홍로 요까 감홍 양광 홍옥 시나노 2.5kg~10kg 가정용/주스용, 가을7kg간식(33-41)",4842,7,홍로,쿠팡,
2022-08-23 17:22:08,"곰곰 당도선별 사과(햇), 2kg봉",8295,2,,쿠팡,
2022-08-23 17:22:10,"[산들네] 껍질째 먹는 경북 세척 꼬마사과 3kg 18-22과내, 단품",5833,3,,쿠팡,경상남도
2022-08-23 17:22:12,"[장길영사과] 사과 알뜰 특대과 5kg(10~16과), 상세 설명 참조, 상세 설명 참조",3180,5,,쿠팡,
2022-08-23 17:22:14,"클라스가 다른 경북 햇 홍로 세척사과 5kg(가정용), 1박스, 홍로 세척사과 가정용 5kg 25-28과",3780,5,홍로,쿠팡,경상남도
2022-08-23 17:22:14,"아오리 사과 1.3kg봉(6~8입), 1.3kg, 1개",6069,1.3,아오리,쿠팡,
2022-08-23 17:22:15,아삭아삭당도좋은고랭자사과10kg(55-70과),1990,10,,쿠팡,
2022-08-23 17:22:16,"프레샤인 GAP 인증 충주 깨끗이 씻은 초록사과, 2.5kg, 1박스",7960,2.5,,쿠팡,충청북도
2022-08-23 17:22:18,"(고씨네농장) 2022년 햇사과 홍로 고당도 빨간 꿀사과 경북사과 5kg 35900, 중소과 3kg (12~15과)",9633,3,홍로,쿠팡,
2022-08-23 17:22:19,"껍질채먹는 간편한 세척사과, 세척사과 2.5kg 13~18과 꼬마사과",5160,2.5,,쿠팡,
2022-08-23 17:22:21,"저탄소인증 안동 세척사과 안동사과 환경친화적 탄소저감농법 애플진 [그린푸드데이X과일드림], 세척사과 1.5kg 중 6과",11800,1.5,,쿠팡,경상북도
2022-08-23 17:22:22,[업푸르트] 햇 홍로사과 2kg (10과 내외/가정용)/2개 구매시 4.5kg 발송,2868,4.5,홍로,쿠팡,
2022-08-23 17:22:25,"산지직송 꿀 경북사과 햇 홍로사과 사과 10kg 고당도 아삭한 꿀이쏙쏙 청송사과 흠과 가정용, 햇홍로 가정용10kg(소과))",2900,10,홍로,쿠팡,경상북도
2022-08-23 17:22:26,"산지직송 2022년 가정용 사과 햇 홍로 꿀사과, 5kg 소과",3380,5,홍로,쿠팡,
2022-08-23 17:22:28,"[장길영사과] 사과 중과 5kg(17~19과), 상세 설명 참조, 상세 설명 참조",3980,5,,쿠팡,
2022-08-23 17:22:29,(용이다팜) 정품 가정용 사과10kg 홍로 (50과내외),2490,10,홍로,쿠팡,
2022-08-23 17:22:30,"[은하수농장] 가정용 꿀사과 특가판매, 1박스, 04.가정용흠과 사과 2KG/중과",7950,2,,쿠팡,
2022-08-23 17:22:32,"명품 꿀사과 추석기획전 고당도 (15.200원부터~전상품세일판매중), 20. 사과 / 흠과 / 중과 / 10kg",8770,10,,쿠팡,
2022-08-23 17:22:33,"3Kg 5Kg 10Kg, 5kg 알뜰사과 한입과(25~30과)",4580,5,,쿠팡,
2022-08-23 17:22:34,"산지직송 2022년 가정용 사과 햇 홍로 꿀사과, 5kg 중과",3780,5,홍로,쿠팡,
2022-08-23 17:22:36,"[산지 직송] 가정용 아오리 사과 5KG 10KG, 5KG 꼬마(31~35과)",2640,5,아오리,쿠팡,
2022-08-23 17:22:37,"꿀당도 햇 홍로 사과 5kg, 홍로사과 5kg(17~18과)",6580,5,홍로,쿠팡,
2022-08-23 17:22:38,"국내산 당도선별 안동세척 사과, 2kg(7~12입), 1개",8400,2,,쿠팡,경상북도
date,title,price,weight,kind,site,location
2022-08-23 17:33:41,"껍질째먹는 훈이네 경북 부사 청송 꿀사과, 혼합5KG",6580,5,부사,쿠팡,경상북도
2022-08-23 17:33:42,"고산지 재배 당도선별 사과, 1.5kg(5~8입), 1봉",8533,1.5,,쿠팡,
2022-08-23 17:33:44,"[농장직송] 22년 첫 출하 경북 햇 홍로 사과 (당일수확출고), 정품 홍로사과 2kg 한입과(14-16과내외)",7350,2,홍로,쿠팡,경상북도
2022-08-23 17:33:46,"클라스가 다른 경북 햇 홍로 사과 가정용 5kg, 1박스, 경북 햇 홍로 사과 가정용 5kg 25-28과",3180,5,홍로,쿠팡,경상북도
2022-08-23 17:33:48,"껍질째먹는 훈이네 경북 부사 청송 가정용 선물용 꿀사과 3kg 5kg 10kg, 소과(아침대용)5KG",6380,5,부사,쿠팡,경상북도
2022-08-23 17:33:50,"2022여름수확 꿀맛 홍로 햇사과 5kg 20과내외 밀양얼음골 하나팜농장 해발450m 당도최고, 1개",7140,5,홍로,쿠팡,경상남도
2022-08-23 17:33:52,"클라스가 다른 경북 햇 홍로 사과 가정용 5kg, 1박스, 경북 햇 홍로 사과 가정용 5kg 29-33과",2780,5,홍로,쿠팡,경상북도
2022-08-23 17:33:54,"[한울지기] 22년 청송 사과 홍로 부사 당도선별 꿀사과 3kg 대과 중과, 3kg 13-15과 중과",5266,3,홍로,쿠팡,경상북도
2022-08-23 17:33:56,"새콤달콤 맛있는 아오리 햇 사과, 한입 사과 4.5KG",3000,4.5,아오리,쿠팡,
2022-08-23 17:33:56,"곰곰 당도선별 사과(햇), 2kg봉",8295,2,,쿠팡,
2022-08-23 17:33:58,"아오리사과 4kg 정말 맛있는 사과 농원직송, 1박스, 4kg(아오리사과/29과 내외)",3175,4,아오리,쿠팡,
2022-08-23 17:34:00,애플리데이 세척사과 2kg 8-12과 홍로 요까 미시마 당도높은 껍질채먹는 꼬마사과,8950,2,홍로,쿠팡,
2022-08-23 17:34:03,"산지직송 경북 청송 꿀 사과 부사 세척 사과 가정용 중과 대과 특과 5kg, 아삭 제철 사과 5kg (26-30과) - 중과",3572,5,부사,쿠팡,경상북도
2022-08-23 17:34:04,"[착한식탁] 껍질채먹는 햇 홍로 세척 사과 5kg(24-28과), 세척사과 5kg 24-28과 내외",4560,5,홍로,쿠팡,
2022-08-23 17:34:05,"아오리 사과 1.3kg봉(6~8입), 1.3kg, 1개",6069,1.3,아오리,쿠팡,
2022-08-23 17:34:07,산지직송 경북 청송 꿀 사과 부사 가정용 중대과 9kg,2762,9,부사,쿠팡,경상북도
2022-08-23 17:34:08,"껍질채먹는 간편한 세척사과, 세척사과 2.5kg 13~18과 꼬마사과",5160,2.5,,쿠팡,
2022-08-23 17:34:09,"[은하수농장] 가정용 꿀사과 특가판매, 1박스, 03.가정용흠과 사과 2KG/ 소과",7150,2,,쿠팡,
2022-08-23 17:34:11,"세상모든농부 고당도 홍로 사과 햇사과 당도선별, 사과 5kg 28-30과",5180,5,홍로,쿠팡,
2022-08-23 17:34:12,"22년 햇 홍로사과 안심세척사과 안심포장 안동사과 2.5kg, 홍로 세척사과소2.5kg(13~18과)",6200,2.5,홍로,쿠팡,경상북도
2022-08-23 17:34:14,"A[공주네농장] 새벽이슬맺힌 안동꿀사과 ~할인특가판매 행사중~, 1박스, 01. 가정용 흠과 2KG / 소과",6950,2,,쿠팡,충청남도
2022-08-23 17:34:16,"클라스가 다른 경북 햇 홍로 세척사과 5kg(가정용), 1박스, 홍로 세척사과 가정용 5kg 25-28과",3780,5,홍로,쿠팡,경상북도
2022-08-23 17:34:17,"[산들네] 껍질째 먹는 경북 세척 꼬마사과 3kg 18-22과내, 단품",5833,3,,쿠팡,경상북도
2022-08-23 17:34:18,"아삭 상큼달콤 사과, 가정용 사과 5kg 중대과",4740,5,,쿠팡,
2022-08-23 17:34:19,일품자연 못난이사과 흠집사과 10kg,2400,10,,쿠팡,
2022-08-23 17:34:20,"정성담은 아삭한 사과, 가정용 사과 10kg 중대과",3780,10,,쿠팡,
2022-08-23 17:34:20,아삭아삭당도좋은고랭자사과10kg(55-70과),1990,10,,쿠팡,
2022-08-23 17:34:21,"안동 당도선별 사과, 2kg(5~14과 내외), 1봉",7950,2,,쿠팡,경상북도
2022-08-23 17:34:23,"아삭한 세척 아오리사과, 세척 아오리사과 5kg 꼬마소과 18-28과내외",3380,5,아오리,쿠팡,
2022-08-23 17:34:24,"맛있는 사과 가정용 흠집사과 못난이 당도보장, 1박스, 5kg(소과-꼬마과) 작은사이즈",3960,5,,쿠팡,
2022-08-23 17:34:26,"[시즌특가] 새콤달콤 여름 사과 경북 햇 아오리, 아오리 사과 4kg(24과내외)소",3475,4,아오리,쿠팡,경상북도
2022-08-23 17:34:27,"[은하수농장] 가정용 꿀사과 특가판매, 1박스, 04.가정용흠과 사과 2KG/중과",7950,2,,쿠팡,
2022-08-23 17:34:29,"[장길영사과] 사과 알뜰 특대과 5kg(10~16과), 상세 설명 참조, 상세 설명 참조",3180,5,,쿠팡,
2022-08-23 17:34:30,"(드디어~ 첫수확! 초초초특가) 초록 아오리 햇사과 4kg(14-25과)(중소랜덤) 첫수확 초특가, 1",2475,4,아오리,쿠팡,
2022-08-23 17:34:32,"저탄소인증 안동 세척사과 안동사과 환경친화적 탄소저감농법 애플진 [그린푸드데이X과일드림], 세척사과 1.5kg 중 6과",11800,1.5,,쿠팡,경상북도
2022-08-23 17:34:34,"프레샤인 GAP 인증 충주 깨끗이 씻은 초록사과, 2.5kg, 1박스",7960,2.5,,쿠팡,충청북도
date,title,price,weight,kind,site,location
2022-08-23 17:38:51,"껍질째먹는 훈이네 경북 부사 청송 꿀사과, 혼합5KG",6580,5,부사,쿠팡,경상남도
2022-08-23 17:38:52,"고산지 재배 당도선별 사과, 1.5kg(5~8입), 1봉",8533,1.5,,쿠팡,
2022-08-23 17:38:54,"클라스가 다른 경북 햇 홍로 사과 가정용 5kg, 1박스, 경북 햇 홍로 사과 가정용 5kg 25-28과",3180,5,홍로,쿠팡,경상남도
2022-08-23 17:38:56,"[농장직송] 22년 첫 출하 경북 햇 홍로 사과 (당일수확출고), 정품 홍로사과 2kg 한입과(14-16과내외)",7350,2,홍로,쿠팡,경상남도
2022-08-23 17:38:57,[영주마실] 아오리 새콤달콤 한입사과 5KG 여름의 왕,2580,5,아오리,쿠팡,경상북도
2022-08-23 17:38:59,"새콤달콤 맛있는 아오리 햇 사과, 한입 사과 4.5KG",3000,4.5,아오리,쿠팡,
2022-08-23 17:38:59,"곰곰 당도선별 사과(햇), 2kg봉",8295,2,,쿠팡,
2022-08-23 17:39:01,"클라스가 다른 경북 햇 홍로 세척사과 5kg(가정용), 1박스, 홍로 세척사과 가정용 5kg 25-28과",3780,5,홍로,쿠팡,경상남도
2022-08-23 17:39:04,아삭아삭당도좋은고랭자사과10kg(55-70과),1990,10,,쿠팡,
2022-08-23 17:39:05,"명절선물세트 마음담은 사과 선물세트 5kg내외, 한상 사과 선물세트 2호 (15~16과)",9980,5,,쿠팡,
2022-08-23 17:39:06,"국내산 당도선별 안동세척 사과, 2kg(7~12입), 1개",8400,2,,쿠팡,경상북도
2022-08-23 17:39:09,"클라스가 다른 경북 햇 홍로 사과 가정용 5kg, 1박스, 경북 햇 홍로 사과 가정용 5kg 29-33과",2780,5,홍로,쿠팡,경상남도
2022-08-23 17:39:11,"[한울지기] 22년 청송 사과 홍로 부사 당도선별 꿀사과 3kg 대과 중과, 3kg 13-15과 중과",5266,3,홍로,쿠팡,경상북도
2022-08-23 17:39:12,"껍질채먹는 간편한 세척사과, 세척사과 2.5kg 13~18과 꼬마사과",5160,2.5,,쿠팡,
2022-08-23 17:39:14,"[별담농]22년 햇 가을사과 홍로 요까 감홍 양광 홍옥 시나노 2.5kg~10kg 가정용/주스용, 가을7kg간식(33-41)",4842,7,홍로,쿠팡,
2022-08-23 17:39:16,"[장길영사과] 사과 알뜰 특대과 5kg(10~16과), 상세 설명 참조, 상세 설명 참조",3180,5,,쿠팡,
2022-08-23 17:39:18,"[착한식탁] 껍질채먹는 햇 홍로 세척 사과 5kg(24-28과), 세척사과 5kg 24-28과 내외",4560,5,홍로,쿠팡,
2022-08-23 17:39:20,"[장길영사과] 갈아먹는 알뜰사과 중소과 10kg(33~46과), 상세 설명 참조, 상세 설명 참조",1590,10,,쿠팡,
2022-08-23 17:39:23,"산지직송 경북 청송 꿀 사과 부사 세척 사과 가정용 중과 대과 특과 5kg, 아삭 제철 사과 5kg (26-30과) - 중과",3572,5,부사,쿠팡,경상남도
2022-08-23 17:39:24,"[은하수농장] 가정용 꿀사과 특가판매, 1박스, 03.가정용흠과 사과 2KG/ 소과",7150,2,,쿠팡,
2022-08-23 17:39:25,"안동 당도선별 사과, 2kg(5~14과 내외), 1봉",7950,2,,쿠팡,경상북도
2022-08-23 17:39:26,"프레샤인 GAP 인증 충주 깨끗이 씻은 초록사과, 2.5kg, 1박스",7960,2.5,,쿠팡,충청북도
2022-08-23 17:39:28,"[장길영사과] 사과 중과 5kg(17~19과), 상세 설명 참조, 상세 설명 참조",3980,5,,쿠팡,
2022-08-23 17:39:29,"아오리 사과 1.3kg봉(6~8입), 1.3kg, 1개",6069,1.3,아오리,쿠팡,
2022-08-23 17:39:30,"꿀당도 햇 홍로 사과 5kg, 홍로사과 5kg(17~18과)",6580,5,홍로,쿠팡,
2022-08-23 17:39:31,"아오리사과 4kg 정말 맛있는 사과 농원직송, 1박스, 4kg(아오리사과/29과 내외)",3175,4,아오리,쿠팡,
2022-08-23 17:39:33,[업푸르트] 햇 홍로사과 2kg (10과 내외/가정용)/2개 구매시 4.5kg 발송,2868,4.5,홍로,쿠팡,
2022-08-23 17:39:34,(용이다팜) 정품 가정용 사과10kg 홍로 (50과내외),2490,10,홍로,쿠팡,
2022-08-23 17:39:35,"(드디어~ 첫수확! 초초초특가) 초록 아오리 햇사과 4kg(14-25과)(중소랜덤) 첫수확 초특가, 1",2475,4,아오리,쿠팡,
2022-08-23 17:39:38,"빨간 가을 홍로 부사 감홍 경북 청송 안동 영동 흠집 못난이 꿀 햇 가정용 사과 10kg, 선물용(백화점납품사과), 3kg, 중소과(12~14과)",8933,3,홍로,쿠팡,경상남도
2022-08-23 17:39:40,"가정용 사과 1kg 2kg 3kg 4kg 5kg, 사과 3kg",5966,3,,쿠팡,
2022-08-23 17:39:43,"경북 부사 꿀 사과 가정용 흠집 사과 백화점 농협 납품 산지 직송 10kg 5kg 3kg, 부사 꿀 사과 중소과 (39-43과) 10kg",4890,10,부사,쿠팡,경상남도
2022-08-23 17:39:44,"경북 부사 사과 흠과 주스용 9kg(랜덤과), 단품",2057,9,부사,쿠팡,경상남도
2022-08-23 17:39:46,"[은하수농장] 가정용 꿀사과 특가판매, 1박스, 04.가정용흠과 사과 2KG/중과",7950,2,,쿠팡,
2022-08-23 17:39:47,"하이프루츠 썸머킹 초록사과, 1.5kg (7~10과이내), 1봉",6913,1.5,,쿠팡,
date,title,price,weight,kind,site,location
2022-08-23 18:43:55,"껍질째먹는 훈이네 경북 부사 청송 꿀사과, 혼합5KG",6580,5,부사,쿠팡,경상남도
2022-08-23 18:43:56,"고산지 재배 당도선별 사과, 1.5kg(5~8입), 1봉",8533,1.5,,쿠팡,
2022-08-23 18:43:57,"국내산 당도선별 안동세척 사과, 2kg(7~12입), 1개",8400,2,,쿠팡,경상북도
2022-08-23 18:43:59,"클라스가 다른 경북 햇 홍로 사과 가정용 5kg, 1박스, 경북 햇 홍로 사과 가정용 5kg 25-28과",3180,5,홍로,쿠팡,경상남도
2022-08-23 18:44:03,"새콤달콤 맛있는 아오리 햇 사과, 한입 사과 4.5KG",3000,4.5,아오리,쿠팡,
2022-08-23 18:44:05,"[농장직송] 22년 첫 출하 경북 햇 홍로 사과 (당일수확출고), 정품 홍로사과 2kg 한입과(14-16과내외)",7350,2,홍로,쿠팡,경상남도
2022-08-23 18:44:06,"곰곰 당도선별 사과(햇), 2kg봉",8295,2,,쿠팡,
2022-08-23 18:44:07,"아삭한 세척 아오리사과, 세척 아오리사과 5kg 꼬마소과 18-28과내외",3380,5,아오리,쿠팡,
2022-08-23 18:44:09,"클라스가 다른 경북 햇 홍로 세척사과 5kg(가정용), 1박스, 홍로 세척사과 가정용 5kg 25-28과",3780,5,홍로,쿠팡,경상남도
2022-08-23 18:44:09,아삭아삭당도좋은고랭자사과10kg(55-70과),1990,10,,쿠팡,
2022-08-23 18:44:12,"클라스가 다른 경북 햇 홍로 사과 가정용 5kg, 1박스, 경북 햇 홍로 사과 가정용 5kg 29-33과",2780,5,홍로,쿠팡,경상남도
2022-08-23 18:44:14,"[한울지기] 22년 청송 사과 홍로 부사 당도선별 꿀사과 3kg 대과 중과, 3kg 13-15과 중과",5266,3,홍로,쿠팡,경상북도
2022-08-23 18:44:15,"껍질채먹는 간편한 세척사과, 세척사과 2.5kg 13~18과 꼬마사과",5160,2.5,,쿠팡,
2022-08-23 18:44:17,"[장길영사과] 사과 알뜰 특대과 5kg(10~16과), 상세 설명 참조, 상세 설명 참조",3180,5,,쿠팡,
2022-08-23 18:44:19,"[착한식탁] 껍질채먹는 햇 홍로 세척 사과 5kg(24-28과), 세척사과 5kg 24-28과 내외",4560,5,홍로,쿠팡,
2022-08-23 18:44:21,"[장길영사과] 갈아먹는 알뜰사과 중소과 10kg(33~46과), 상세 설명 참조, 상세 설명 참조",1590,10,,쿠팡,
2022-08-23 18:44:22,"맛있는 사과 가정용 흠집사과 못난이 당도보장, 1박스, 5kg(소과-꼬마과) 작은사이즈",3960,5,,쿠팡,
2022-08-23 18:44:23,"[산들네] 껍질째 먹는 경북 세척 꼬마사과 3kg 18-22과내, 단품",5833,3,,쿠팡,경상남도
2022-08-23 18:44:25,"[은하수농장] 가정용 꿀사과 특가판매, 1박스, 03.가정용흠과 사과 2KG/ 소과",7150,2,,쿠팡,
2022-08-23 18:44:28,"산지직송 경북 청송 꿀 사과 부사 세척 사과 가정용 중과 대과 특과 5kg, 아삭 제철 사과 5kg (26-30과) - 중과",3572,5,부사,쿠팡,경상남도
2022-08-23 18:44:30,"저탄소인증 안동 세척사과 안동사과 환경친화적 탄소저감농법 애플진 [그린푸드데이X과일드림], 세척사과 1.5kg 중 6과",11800,1.5,,쿠팡,경상북도
2022-08-23 18:44:30,"아오리 사과 1.3kg봉(6~8입), 1.3kg, 1개",6069,1.3,아오리,쿠팡,
2022-08-23 18:44:31,"안동 당도선별 사과, 2kg(5~14과 내외), 1봉",7950,2,,쿠팡,경상북도
2022-08-23 18:44:33,"프레샤인 GAP 인증 충주 깨끗이 씻은 초록사과, 2.5kg, 1박스",7960,2.5,,쿠팡,충청북도
2022-08-23 18:44:34,"[장길영사과] 사과 중과 5kg(17~19과), 상세 설명 참조, 상세 설명 참조",3980,5,,쿠팡,
2022-08-23 18:44:36,"꿀당도 햇 홍로 사과 5kg, 홍로사과 5kg(17~18과)",6580,5,홍로,쿠팡,
2022-08-23 18:44:37,"아오리사과 4kg 정말 맛있는 사과 농원직송, 1박스, 4kg(아오리사과/29과 내외)",3175,4,아오리,쿠팡,
2022-08-23 18:44:39,산지직송 경북 꿀 사과 부사 청송 가정용 대과 특과 10kg,2486,10,부사,쿠팡,경상남도
2022-08-23 18:44:40,"(드디어~ 첫수확! 초초초특가) 초록 아오리 햇사과 4kg(14-25과)(중소랜덤) 첫수확 초특가, 1",2475,4,아오리,쿠팡,
2022-08-23 18:44:42,[업푸르트] 햇 홍로사과 2kg (10과 내외/가정용)/2개 구매시 4.5kg 발송,2868,4.5,홍로,쿠팡,
2022-08-23 18:44:43,(용이다팜) 정품 가정용 사과10kg 홍로 (50과내외),2490,10,홍로,쿠팡,
2022-08-23 18:44:43,"하이프루츠 썸머킹 초록사과, 1.5kg (7~10과이내), 1봉",6913,1.5,,쿠팡,
2022-08-23 18:44:44,"곰곰 새콤달콤 아오리 사과, 1.2kg, 1봉",7158,1.2,아오리,쿠팡,
2022-08-23 18:44:46,"프레샤인 GAP 인증 충주 초록사과, 1.3kg(5~9입), 1봉",9153,1.3,,쿠팡,충청북도
2022-08-23 18:44:47,"햇 홍로 빨간 가정용 한입 사과 5KG (당일발송), 가정용 사과 5KG",3980,5,홍로,쿠팡,
date,title,price,weight,kind,site,location
2022-08-23 18:49:20,"껍질째먹는 훈이네 경북 부사 청송 꿀사과, 혼합5KG",6580,5,부사,쿠팡,경상남도
2022-08-23 18:49:21,"고산지 재배 당도선별 사과, 1.5kg(5~8입), 1봉",8533,1.5,,쿠팡,
2022-08-23 18:49:23,"[한울지기] 22년 청송 사과 홍로 부사 당도선별 꿀사과 3kg 대과 중과, 3kg 13-15과 중과",5266,3,홍로,쿠팡,경상북도
2022-08-23 18:49:25,"[농장직송] 22년 첫 출하 경북 햇 홍로 사과 (당일수확출고), 정품 홍로사과 2kg 한입과(14-16과내외)",7350,2,홍로,쿠팡,경상남도
2022-08-23 18:49:27,"(고씨네농장) 2022년 햇사과 홍로 고당도 빨간 꿀사과 경북사과 5kg 35900, 중소과 3kg (12~15과)",9633,3,홍로,쿠팡,
2022-08-23 18:49:29,"(침샘자극 새콤달콤) 아오리 사과 썸머킹 청사과 풋사과, 대과 2kg",9450,2,아오리,쿠팡,
2022-08-23 18:49:29,"곰곰 당도선별 사과(햇), 2kg봉",8295,2,,쿠팡,
2022-08-23 18:49:32,"클라스가 다른 경북 햇 홍로 사과 가정용 5kg, 1박스, 경북 햇 홍로 사과 가정용 5kg 25-28과",3180,5,홍로,쿠팡,경상남도
2022-08-23 18:49:33,"하이프루츠 저탄소인증 의성 사과, 1.5kg (5~7입), 중과",7133,1.5,,쿠팡,경상북도
2022-08-23 18:49:36,"산지직송 경북 청송 꿀 사과 부사 세척 사과 가정용 중과 대과 특과 5kg, 아삭 제철 사과 5kg (26-30과) - 중과",3572,5,부사,쿠팡,경상남도
2022-08-23 18:49:38,"새콤달콤 맛있는 아오리 햇 사과, 한입 사과 4.5KG",3000,4.5,아오리,쿠팡,
2022-08-23 18:49:41,"아오리사과 4kg 정말 맛있는 사과 농원직송, 1박스, 4kg(아오리사과/29과 내외)",3175,4,아오리,쿠팡,
2022-08-23 18:49:42,아삭아삭당도좋은고랭자사과10kg(55-70과),1990,10,,쿠팡,
2022-08-23 18:49:44,"클라스가 다른 경북 햇 홍로 사과 가정용 5kg, 1박스, 경북 햇 홍로 사과 가정용 5kg 29-33과",2780,5,홍로,쿠팡,경상남도
2022-08-23 18:49:45,"아오리 사과 1.3kg봉(6~8입), 1.3kg, 1개",6069,1.3,아오리,쿠팡,
2022-08-23 18:49:47,"A[공주네농장] 새벽이슬맺힌 안동꿀사과 ~할인특가판매 행사중~, 1박스, 01. 가정용 흠과 2KG / 소과",6950,2,,쿠팡,충청남도
2022-08-23 18:49:49,"클라스가 다른 경북 햇 홍로 세척사과 5kg(가정용), 1박스, 홍로 세척사과 가정용 5kg 25-28과",3780,5,홍로,쿠팡,경상남도
2022-08-23 18:49:50,"아삭한 세척 아오리사과, 세척 아오리사과 5kg 꼬마소과 18-28과내외",3380,5,아오리,쿠팡,
2022-08-23 18:49:51,"[산들네] 껍질째 먹는 경북 세척 꼬마사과 3kg 18-22과내, 단품",5833,3,,쿠팡,경상남도
2022-08-23 18:49:53,"22년 햇 홍로사과 안심세척사과 안심포장 안동사과 2.5kg, 홍로 세척사과소2.5kg(13~18과)",6200,2.5,홍로,쿠팡,경상북도
2022-08-23 18:49:54,"아삭 상큼달콤 사과, 가정용 사과 5kg 중대과",4740,5,,쿠팡,
2022-08-23 18:49:55,"[은하수농장] 가정용 꿀사과 특가판매, 1박스, 03.가정용흠과 사과 2KG/ 소과",7150,2,,쿠팡,
2022-08-23 18:49:57,"껍질채먹는 간편한 세척사과, 세척사과 2.5kg 13~18과 꼬마사과",5160,2.5,,쿠팡,
2022-08-23 18:49:58,"[착한식탁] 껍질채먹는 햇 홍로 세척 사과 5kg(24-28과), 세척사과 5kg 24-28과 내외",4560,5,홍로,쿠팡,
2022-08-23 18:49:59,"국내산 당도선별 안동세척 사과, 2kg(7~12입), 1개",8400,2,,쿠팡,경상북도
2022-08-23 18:50:01,"프레샤인 GAP 인증 충주 깨끗이 씻은 초록사과, 2.5kg, 1박스",7960,2.5,,쿠팡,충청북도
2022-08-23 18:50:02,(용이다팜) 정품 가정용 사과10kg 홍로 (50과내외),2490,10,홍로,쿠팡,
2022-08-23 18:50:03,"[장길영사과] 갈아먹는 알뜰사과 중소과 10kg(33~46과), 상세 설명 참조, 상세 설명 참조",1590,10,,쿠팡,
2022-08-23 18:50:05,"(드디어~ 첫수확! 초초초특가) 초록 아오리 햇사과 4kg(14-25과)(중소랜덤) 첫수확 초특가, 1",2475,4,아오리,쿠팡,
2022-08-23 18:50:06,"안동 당도선별 사과, 2kg(5~14과 내외), 1봉",7950,2,,쿠팡,경상북도
2022-08-23 18:50:08,"저탄소인증 안동 세척사과 안동사과 환경친화적 탄소저감농법 애플진 [그린푸드데이X과일드림], 세척사과 1.5kg 중 6과",11800,1.5,,쿠팡,경상북도
2022-08-23 18:50:09,"[은하수농장] 가정용 꿀사과 특가판매, 1박스, 04.가정용흠과 사과 2KG/중과",7950,2,,쿠팡,
2022-08-23 18:50:11,"[청도 산지직송] 22년 청도 홍로사과 3kg 5kg 햇 사과 홍로 부사, 햇 사과(홍로) 3kg(21-25과)",4633,3,홍로,쿠팡,경상북도
2022-08-23 18:50:12,"꿀당도 햇 홍로 사과 5kg, 홍로사과 5kg(17~18과)",6580,5,홍로,쿠팡,
2022-08-23 18:50:14,"[별담농]22년 햇 가을사과 홍로 요까 감홍 양광 홍옥 시나노 2.5kg~10kg 가정용/주스용, 가을7kg간식(33-41)",4842,7,홍로,쿠팡,
